-- MySQL Script generated by MySQL Workbench
-- Tue Nov 23 14:19:45 2021
-- Model: New Model    Version: 1.0
-- MySQL Workbench Forward Engineering

SET @OLD_UNIQUE_CHECKS=@@UNIQUE_CHECKS, UNIQUE_CHECKS=0;
SET @OLD_FOREIGN_KEY_CHECKS=@@FOREIGN_KEY_CHECKS, FOREIGN_KEY_CHECKS=0;
SET @OLD_SQL_MODE=@@SQL_MODE, SQL_MODE='ONLY_FULL_GROUP_BY,STRICT_TRANS_TABLES,NO_ZERO_IN_DATE,NO_ZERO_DATE,ERROR_FOR_DIVISION_BY_ZERO,NO_ENGINE_SUBSTITUTION';

-- -----------------------------------------------------
-- Schema db
-- -----------------------------------------------------

-- -----------------------------------------------------
-- Schema db
-- -----------------------------------------------------
CREATE SCHEMA IF NOT EXISTS `db` DEFAULT CHARACTER SET utf8 ;
USE `db` ;

-- -----------------------------------------------------
-- Table `db`.`Asiakas`
-- -----------------------------------------------------
DROP TABLE IF EXISTS `db`.`Asiakas` ;

CREATE TABLE IF NOT EXISTS `db`.`Asiakas` (
  `idAsiakas` INT(16) NOT NULL AUTO_INCREMENT,
  `Etunimi` VARCHAR(255) NULL DEFAULT NULL,
  `Sukunimi` VARCHAR(255) NULL DEFAULT NULL,
  PRIMARY KEY (`idAsiakas`))
ENGINE = InnoDB
DEFAULT CHARACTER SET = utf8;


-- -----------------------------------------------------
-- Table `db`.`Kortti`
-- -----------------------------------------------------
DROP TABLE IF EXISTS `db`.`Kortti` ;

CREATE TABLE IF NOT EXISTS `db`.`Kortti` (
  `idKortti` INT(16) NOT NULL AUTO_INCREMENT,
  `Korttinumero` VARCHAR(255) NULL DEFAULT NULL,
  `PIN` VARCHAR(255) NULL DEFAULT NULL,
  `salt` VARCHAR(255) NULL,
  `idAsiakas` INT(16) NOT NULL,
  PRIMARY KEY (`idKortti`),
  INDEX `fk_kortti_asiakas1_idx` (`idAsiakas` ASC) VISIBLE,
  CONSTRAINT `fk_kortti_asiakas1`
    FOREIGN KEY (`idAsiakas`)
    REFERENCES `db`.`Asiakas` (`idAsiakas`)
    ON DELETE NO ACTION
    ON UPDATE NO ACTION)
ENGINE = InnoDB
DEFAULT CHARACTER SET = utf8;


-- -----------------------------------------------------
-- Table `db`.`Tili`
-- -----------------------------------------------------
DROP TABLE IF EXISTS `db`.`Tili` ;

CREATE TABLE IF NOT EXISTS `db`.`Tili` (
  `idTili` INT NOT NULL AUTO_INCREMENT,
  `idOmistaja` INT NULL,
  `Tilinumero` VARCHAR(255) NULL,
  `Saldo` DECIMAL NULL,
  `Kortin_tyyppi` VARCHAR(255) NULL,
  `Luottoraja` DECIMAL NULL,
  `idKortti` INT(16) NOT NULL,
  PRIMARY KEY (`idTili`),
  INDEX `fk_Tili_kortti1_idx` (`idTili` ASC, `idKortti` ASC) VISIBLE,
  CONSTRAINT `fk_Tili_kortti1`
    FOREIGN KEY (`idKortti`)
    REFERENCES `db`.`Kortti` (`idKortti`)
    ON DELETE NO ACTION
    ON UPDATE NO ACTION)
ENGINE = InnoDB;


-- -----------------------------------------------------
-- Table `db`.`Asiakas_Tili`
-- -----------------------------------------------------
DROP TABLE IF EXISTS `db`.`Asiakas_Tili` ;

CREATE TABLE IF NOT EXISTS `db`.`Asiakas_Tili` (
  `idAsiakas` INT(16) NOT NULL,
  `idTili` INT NOT NULL,
  INDEX `fk_asiakas_has_Tili_Tili1_idx` (`idTili` ASC) VISIBLE,
  INDEX `fk_asiakas_has_Tili_asiakas_idx` (`idAsiakas` ASC) VISIBLE,
  CONSTRAINT `fk_asiakas_has_Tili_asiakas`
    FOREIGN KEY (`idAsiakas`)
    REFERENCES `db`.`Asiakas` (`idAsiakas`)
    ON DELETE NO ACTION
    ON UPDATE NO ACTION,
  CONSTRAINT `fk_asiakas_has_Tili_Tili1`
    FOREIGN KEY (`idTili`)
    REFERENCES `db`.`Tili` (`idTili`)
    ON DELETE NO ACTION
    ON UPDATE NO ACTION)
ENGINE = InnoDB
DEFAULT CHARACTER SET = utf8;


-- -----------------------------------------------------
-- Table `db`.`Tilitapahtumat`
-- -----------------------------------------------------
DROP TABLE IF EXISTS `db`.`Tilitapahtumat` ;

CREATE TABLE IF NOT EXISTS `db`.`Tilitapahtumat` (
  `idTilitapahtumat` INT NOT NULL AUTO_INCREMENT,
  `Paivays` DATETIME NULL,
  `Tapahtuma` VARCHAR(255) NULL,
  `Rahamaara` VARCHAR(255) NULL,
  `Tilitapahtuma` DECIMAL NULL,
  `idTili` INT NOT NULL,
  `idKortti` INT(16) NOT NULL,
  PRIMARY KEY (`idTilitapahtumat`),
  INDEX `fk_Tilitapahtumat_Tili1_idx` (`idTili` ASC, `idKortti` ASC) VISIBLE,
  CONSTRAINT `fk_Tilitapahtumat_Tili1_idx`
    FOREIGN KEY (`idTili` , `idKortti`)
    REFERENCES `db`.`Tili` (`idTili` , `idKortti`)
    ON DELETE NO ACTION
    ON UPDATE NO ACTION)
ENGINE = InnoDB;


-- -----------------------------------------------------
-- Table `db`.`user`
-- -----------------------------------------------------
DROP TABLE IF EXISTS `db`.`user` ;

CREATE TABLE IF NOT EXISTS `db`.`user` (
  `username` VARCHAR(16) NOT NULL,
  `email` VARCHAR(255) NULL,
  `password` VARCHAR(32) NOT NULL,
  `create_time` TIMESTAMP NULL DEFAULT CURRENT_TIMESTAMP);


SET SQL_MODE=@OLD_SQL_MODE;
SET FOREIGN_KEY_CHECKS=@OLD_FOREIGN_KEY_CHECKS;
SET UNIQUE_CHECKS=@OLD_UNIQUE_CHECKS;


-- -----------------------------------------------------
-- Data for table `db`.`Asiakas`
-- -----------------------------------------------------
START TRANSACTION;
USE `db`;
INSERT INTO `db`.`Asiakas` (`idAsiakas`, `Etunimi`, `Sukunimi`) VALUES (1, 'Teppo', 'Testi');
INSERT INTO `db`.`Asiakas` (`idAsiakas`, `Etunimi`, `Sukunimi`) VALUES (2, 'John', 'Doe');
INSERT INTO `db`.`Asiakas` (`idAsiakas`, `Etunimi`, `Sukunimi`) VALUES (3, 'Alice', 'Wonderland');

COMMIT;


-- -----------------------------------------------------
-- Data for table `db`.`Kortti`
-- -----------------------------------------------------
START TRANSACTION;
USE `db`;
INSERT INTO `db`.`Kortti` (`idKortti`, `Korttinumero`, `PIN`, `salt`, `idAsiakas`) VALUES (1, '123456', '9210db67c76d76aac4573a40ecc76332afee92278f883e85d5513be2a7bda44a', '8Z00FCQE7H8XZSC', 1);
INSERT INTO `db`.`Kortti` (`idKortti`, `Korttinumero`, `PIN`, `salt`, `idAsiakas`) VALUES (2, '213456', 'ce23d9cf2abebd32c68c087014f1a9787520c2cbd6733d0b6fd2e9d3691d20c8', 'PUF1LW1IWMEOS3X', 2);
INSERT INTO `db`.`Kortti` (`idKortti`, `Korttinumero`, `PIN`, `salt`, `idAsiakas`) VALUES (3, '312456', 'e179c48c9f285b967f67f131bfd0a2c13c87488899ca6bc5293c0a83cc0929ea', '2Q7JNRL3DY78RWI', 3);

COMMIT;


-- -----------------------------------------------------
-- Data for table `db`.`Tili`
-- -----------------------------------------------------
START TRANSACTION;
USE `db`;
INSERT INTO `db`.`Tili` (`idTili`, `idOmistaja`, `Tilinumero`, `Saldo`, `Kortin_tyyppi`, `Luottoraja`, `idKortti`) VALUES (1, 1, 'FI123456789', 1000, 'DEBIT', NULL, 1);
INSERT INTO `db`.`Tili` (`idTili`, `idOmistaja`, `Tilinumero`, `Saldo`, `Kortin_tyyppi`, `Luottoraja`, `idKortti`) VALUES (2, 2, 'FI213456789', 100, 'CREDIT', 1000, 2);
INSERT INTO `db`.`Tili` (`idTili`, `idOmistaja`, `Tilinumero`, `Saldo`, `Kortin_tyyppi`, `Luottoraja`, `idKortti`) VALUES (3, 3, 'FI312456789', 0, 'DEBIT',	NULL , 3);

COMMIT;


-- -----------------------------------------------------
-- Data for table `db`.`Asiakas_Tili`
-- -----------------------------------------------------
START TRANSACTION;
USE `db`;
INSERT INTO `db`.`Asiakas_Tili` (`idAsiakas`, `idTili`) VALUES (1, 1);
INSERT INTO `db`.`Asiakas_Tili` (`idAsiakas`, `idTili`) VALUES (2, 2);
INSERT INTO `db`.`Asiakas_Tili` (`idAsiakas`, `idTili`) VALUES (3, 3);

COMMIT;

